<?xml version="1.0" encoding="UTF-8" standalone="yes"?>
<SharedFlowBundle revision="1" name="APIWIZ-API-Security">
    <ConfigurationVersion majorVersion="4" minorVersion="0"/>
    <CreatedAt>1739879756911</CreatedAt>
    <CreatedBy>sridhara.k@apiwiz.com</CreatedBy>
    <Description>APIWIZ-API-Security</Description>
    <DisplayName>APIWIZ-API-Security</DisplayName>
    <LastModifiedAt>1739882233580</LastModifiedAt>
    <LastModifiedBy>sridhara.k@apiwiz.com</LastModifiedBy>
    <ManifestVersion>SHA-512:d9a63f83629b3da651eedc561ca4edec99913a104bcc57fdbf4583b3fb6c5c04a1ff75dc63cb98229c1c30c10810d7ecb7145d89879f0ef2f8df61d8cf43b3b2:dc-1</ManifestVersion>
    <Policies>
        <Policy>API-Security-callout</Policy>
    </Policies>
    <Resources>
        <Resource>jsc://API-Security-callout.js</Resource>
    </Resources>
    <Spec></Spec>
    <subType>SharedFlow</subType>
    <SharedFlows>
        <SharedFlow>default</SharedFlow>
    </SharedFlows>
</SharedFlowBundle>
