<?xml version="1.0" encoding="UTF-8" standalone="yes"?>
<Manifest name="manifest">
    <Policies>
        <VersionInfo resourceName="AM-Inject-Headers" version="SHA-512:fd3510d08c7c3645abd8e8b591b858307a11c13bbd5e3c3d45234fd56c65e82f51f931fba03709f2312f6d2aa58444df9db19a7360fc9f92bcbd98280ffb8efe"/>
    </Policies>
    <ProxyEndpoints/>
    <Resources/>
    <SharedFlows>
        <VersionInfo resourceName="default" version="SHA-512:4257a4695bb15a24b1f2d76270f5a5312f556fa419ebac4157651e5102948154562c4ae3df2a0a8ce391ab70136c84370cb02af5fde30ffe1a54ead95e4a708a"/>
    </SharedFlows>
    <TargetEndpoints/>
</Manifest>
