<?xml version="1.0" encoding="UTF-8" standalone="yes"?>
<SharedFlowBundle revision="1" name="EK-AccuityTokenService">
    <ConfigurationVersion majorVersion="4" minorVersion="0"/>
    <CreatedAt>1757255333441</CreatedAt>
    <CreatedBy>sridhara.k@apiwiz.com</CreatedBy>
    <Description>Fetches the Auth Token from accuity and loads into the cache</Description>
    <DisplayName>EK-AccuityTokenService</DisplayName>
    <LastModifiedAt>1757255333441</LastModifiedAt>
    <LastModifiedBy>sridhara.k@apiwiz.com</LastModifiedBy>
    <ManifestVersion>SHA-512:7aff62b1ad923076be60816e2af0c4a936b09b7c559fb8eb54a6c37ed693df7822b21feaaf77f6e2e08758ce5c0fbfb8e8d1f573a16c90daba27b9322918d79b:dc-1</ManifestVersion>
    <Policies>
        <Policy>AM-SetFlowVariable</Policy>
        <Policy>Accuity-GetToken</Policy>
        <Policy>EV-AccuityAuthResponse</Policy>
        <Policy>KVM-Accuity</Policy>
        <Policy>LC-OAuthToken</Policy>
        <Policy>PC-AccuityApiToken</Policy>
        <Policy>RF-Err404-TargetNotFound</Policy>
        <Policy>SC-RequestID</Policy>
    </Policies>
    <Resources>
        <Resource>jsc://JS-TokenExtraction.js</Resource>
    </Resources>
    <Spec></Spec>
    <subType>SharedFlow</subType>
    <SharedFlows>
        <SharedFlow>default</SharedFlow>
    </SharedFlows>
</SharedFlowBundle>
