<?xml version="1.0" encoding="UTF-8" standalone="yes"?>
<Manifest name="manifest">
    <Policies>
        <VersionInfo resourceName="AM-Err400-BadRequest" version="SHA-512:a65120a28d571bb9c5fafcacbaa4c2a0612314684bc4d4653f972911da89aa0000fee1a77139c6afe43cf5c2bc684fc005ee014deabe4fef01979db04da9b2e2"/>
        <VersionInfo resourceName="AM-Err401-InvalidClient" version="SHA-512:86f43814bf132c0677752d9c6cfaa454a1ca1d6c68469a7a4e4c37ce63a32267aeac9b48765d0eb0abee2f9a941bfd7b23c51669d38e42ce5a71db44d81e2b48"/>
        <VersionInfo resourceName="AM-Err401-InvalidProduct" version="SHA-512:0bf6e123cdc3a6d083254be0ad4a081e427ba1dd6f7f59a1b3485a812e4cf9311e3b1b01cb381ab21082c9c9e031dfc1baba54cdb2f620cbc61fa49430d7e9c7"/>
        <VersionInfo resourceName="AM-Err401-InvalidToken" version="SHA-512:3f9c7df5af29d58352abe5efae1ae83f20a8338c2f282b70627e29d2f273f3c3abbb9e9335f84cd9ba427e947a23ec13289012eaf256b5112f2c5d871bd8163e"/>
        <VersionInfo resourceName="AM-Err429-SpikeArrest" version="SHA-512:67e63fe60fd4de1bd3bed42dae440a6b81885c26ad3560ac3bec91b53bfbc3f093835bf9f655230ce278def822a69f36f2bfe477334b03a4577e2f81f8a06746"/>
        <VersionInfo resourceName="AM-Err503-ServiceUnavailable" version="SHA-512:8e91ea3b5d3fe55a639d07e8ed44f168db5f2de5d6d4c248b82e28a8b9c7d3e15f0161361ad8b4a45e64009eab43d4906bfa1342e2a647152c02c625c7ca8ee7"/>
        <VersionInfo resourceName="AM-Err520-InternalError" version="SHA-512:3a5a88228e4b88b75adb7bb8f7ee726dddfce353c91eb2aefd3d4e0dcb6c3cd84a9ced5430b0d8d8e1d0b00e0913275f55d2bbf87b2ef8d7d7b9225e17f9ebc2"/>
    </Policies>
    <ProxyEndpoints/>
    <Resources/>
    <SharedFlows>
        <VersionInfo resourceName="default" version="SHA-512:3fdb35c59abaeba02fb095556beecb635f384539f4b3dbd517e465f966b91b4fb8b1a938f1a1af699a128a40b7c6e055dcdfbf09f85dffb66cd1dac83c8834c9"/>
    </SharedFlows>
    <TargetEndpoints/>
</Manifest>
