<?xml version="1.0" encoding="UTF-8" standalone="yes"?>
<SharedFlowBundle revision="1" name="EK-PredictLiteTokenService">
    <ConfigurationVersion majorVersion="4" minorVersion="0"/>
    <CreatedAt>1757255636676</CreatedAt>
    <CreatedBy>sridhara.k@apiwiz.com</CreatedBy>
    <Description>undefined</Description>
    <DisplayName>EK-PredictLiteTokenService</DisplayName>
    <LastModifiedAt>1757255636676</LastModifiedAt>
    <LastModifiedBy>sridhara.k@apiwiz.com</LastModifiedBy>
    <ManifestVersion>SHA-512:577553751a407ab38f658de8380a1a5ac5201c8684bffa70e377a2020eabb9b52b2c1acaad202004363d628284f4b05c84e39421f375ca8aed7140f1ed8df012:dc-1</ManifestVersion>
    <Policies>
        <Policy>AM-SetFlowVariable</Policy>
        <Policy>EV-OandOOAuthResponse</Policy>
        <Policy>KVM-PredictLite</Policy>
        <Policy>LC-OAuthToken</Policy>
        <Policy>PC-PredictApiToken</Policy>
        <Policy>Predict-GetToken</Policy>
        <Policy>RF-Err404-TargetNotFound</Policy>
    </Policies>
    <Resources>
        <Resource>jsc://JS-TokenExtraction.js</Resource>
    </Resources>
    <Spec></Spec>
    <subType>SharedFlow</subType>
    <SharedFlows>
        <SharedFlow>default</SharedFlow>
    </SharedFlows>
</SharedFlowBundle>
