<?xml version="1.0" encoding="UTF-8" standalone="yes"?>
<ExtractVariables async="false" continueOnError="true" enabled="true" name="EV-ExtractResponse-ProfileDynamicSumm">
    <DisplayName>EV-ExtractResponse-ProfileDynamicSumm</DisplayName>
    <IgnoreUnresolvedVariables>true</IgnoreUnresolvedVariables>
    <JSONPayload>
        <Variable name="countryOfResidence">
            <JSONPath>$.rbaDynamicProfileDataResponse.countryOfResidence</JSONPath>
        </Variable>
    </JSONPayload>
    <Source clearPayload="false">RBARetrieveDynamicProfileResp</Source>
</ExtractVariables>