<?xml version="1.0" encoding="UTF-8" standalone="yes"?>
<AssignMessage async="false" continueOnError="false" enabled="true" name="AM-Inject-Headers">
    <DisplayName>AM-Inject-Headers</DisplayName>
    <Properties/>
    <Add>
        <Headers>
            <Header name="X-Forwarded-For">{request.header.X-Forwarded-For}</Header>
            <Header name="X-Forwarded-To">{request.header.X-Forwarded-Port}</Header>
            <Header name="X-Forwarded-Host">{request.header.Host}</Header>
            <Header name="X-Forwarded-Proto">{request.header.X-Forwarded-Proto}</Header>
        </Headers>
        <QueryParams/>
        <FormParams/>
    </Add>
    <IgnoreUnresolvedVariables>true</IgnoreUnresolvedVariables>
    <AssignTo createNew="false" transport="http" type="request"/>
</AssignMessage>