<?xml version="1.0" encoding="UTF-8" standalone="yes"?>
<SharedFlowBundle revision="1" name="EK-SecurityLogging">
    <ConfigurationVersion majorVersion="4" minorVersion="0"/>
    <CreatedAt>1757255678879</CreatedAt>
    <CreatedBy>sridhara.k@apiwiz.com</CreatedBy>
    <Description>Splunk logging and XML/SQL injection threat protection</Description>
    <DisplayName>SecurityLoggingandThreatProtection</DisplayName>
    <LastModifiedAt>1757255678879</LastModifiedAt>
    <LastModifiedBy>sridhara.k@apiwiz.com</LastModifiedBy>
    <ManifestVersion>SHA-512:e2b2c39e448a1b5494db94acab8a7d127343858bfa4a3f6857e14d15f6a9e781847367236d6723d0b59d1eefd680b9f83f5eb735f9938e18ed492d54fe58d648:dc-1</ManifestVersion>
    <Policies>
        <Policy>AccessControl</Policy>
        <Policy>RegularExpressionProtection</Policy>
        <Policy>SC-Splunk</Policy>
        <Policy>XMLThreatProtection</Policy>
    </Policies>
    <Resources/>
    <Spec></Spec>
    <subType>SharedFlow</subType>
    <SharedFlows>
        <SharedFlow>default</SharedFlow>
    </SharedFlows>
</SharedFlowBundle>
