<?xml version="1.0" encoding="UTF-8" standalone="yes"?>
<AssignMessage async="false" continueOnError="false" enabled="true" name="AM-Err503-ServiceUnavailable">
    <DisplayName>AM-Err503-ServiceUnavailable</DisplayName>
    <AssignVariable>
        <Name>flow.errorCode</Name>
        <Value>503</Value>
    </AssignVariable>
    <AssignVariable>
        <Name>flow.errorSystem</Name>
        <Value>001</Value>
    </AssignVariable>
    <AssignVariable>
        <Name>flow.errorSuffix</Name>
        <Value>004</Value>
    </AssignVariable>
    <AssignVariable>
        <Name>flow.errorSummary</Name>
        <Value>Service Unavailable</Value>
    </AssignVariable>
    <AssignVariable>
        <Name>flow.errorMessage</Name>
        <Value>Requested Service is not Responding. Please contact API Support Team.</Value>
    </AssignVariable>
    <AssignVariable>
        <Name>flow.dynamicErrorMessage</Name>
        <Value/>
    </AssignVariable>
    <AssignVariable>
        <Name>flow.statusCode</Name>
        <Value>503</Value>
    </AssignVariable>
    <AssignVariable>
        <Name>flow.reasonPhrase</Name>
        <Value>Service Unavailable</Value>
    </AssignVariable>
    <IgnoreUnresolvedVariables>true</IgnoreUnresolvedVariables>
</AssignMessage>