<?xml version="1.0" encoding="UTF-8" standalone="yes"?>
<ExtractVariables async="false" continueOnError="false" enabled="true" name="EV-OandOOAuthResponse">
    <DisplayName>EV-OandOOAuthResponse</DisplayName>
    <IgnoreUnresolvedVariables>false</IgnoreUnresolvedVariables>
    <JSONPayload>
        <Variable name="cache.apiAccessToken">
            <JSONPath>$.access_token</JSONPath>
        </Variable>
    </JSONPayload>
    <Source clearPayload="false">OAuthResponse</Source>
</ExtractVariables>