<?xml version="1.0" encoding="UTF-8" standalone="yes"?>
<SharedFlowBundle revision="2" name="Etisalat-Inject_headers">
    <ConfigurationVersion majorVersion="4" minorVersion="0"/>
    <CreatedAt>1726923639087</CreatedAt>
    <CreatedBy>sridhara.k@apiwiz.com</CreatedBy>
    <Description></Description>
    <DisplayName>Etisalat-Inject_headers</DisplayName>
    <LastModifiedAt>1726923704251</LastModifiedAt>
    <LastModifiedBy>sridhara.k@apiwiz.com</LastModifiedBy>
    <ManifestVersion>SHA-512:3491f99a00edb39ae922cb485c586c7428fc3923228705c3e265cf663567f8ce5441299558aa6b669101c802e95b318320cf2eb2b19b37d928baa7436dca365b:dc-1</ManifestVersion>
    <Policies>
        <Policy>AM-Inject-Headers</Policy>
    </Policies>
    <Resources/>
    <Spec></Spec>
    <subType>SharedFlow</subType>
    <SharedFlows>
        <SharedFlow>default</SharedFlow>
    </SharedFlows>
</SharedFlowBundle>
