<?xml version="1.0" encoding="UTF-8" standalone="yes"?>
<SharedFlowBundle revision="1" name="EK-CommonFaultTest">
    <ConfigurationVersion majorVersion="4" minorVersion="0"/>
    <CreatedAt>1757255394059</CreatedAt>
    <CreatedBy>sridhara.k@apiwiz.com</CreatedBy>
    <Description>This shared flow is used to handle the generic Faults</Description>
    <DisplayName>EK-CommonFaultHandling</DisplayName>
    <LastModifiedAt>1757255394059</LastModifiedAt>
    <LastModifiedBy>sridhara.k@apiwiz.com</LastModifiedBy>
    <ManifestVersion>SHA-512:6975bda2eb615c9f3a888709df00a66dce3354be23e15a0122029493f75ea0618f79588ab92bcc3389e7a90b98563736b1b166857f6111028db14d3559fdfa70:dc-1</ManifestVersion>
    <Policies>
        <Policy>AM-Err400-BadRequest</Policy>
        <Policy>AM-Err401-InvalidClient</Policy>
        <Policy>AM-Err401-InvalidProduct</Policy>
        <Policy>AM-Err401-InvalidToken</Policy>
        <Policy>AM-Err429-SpikeArrest</Policy>
        <Policy>AM-Err503-ServiceUnavailable</Policy>
        <Policy>AM-Err520-InternalError</Policy>
    </Policies>
    <Resources/>
    <Spec></Spec>
    <subType>SharedFlow</subType>
    <SharedFlows>
        <SharedFlow>default</SharedFlow>
    </SharedFlows>
</SharedFlowBundle>
