<?xml version="1.0" encoding="UTF-8" standalone="yes"?>
<Manifest name="manifest">
    <Policies>
        <VersionInfo resourceName="API-Security-callout" version="SHA-512:42f881c579087dc14f36fa2e0d39d32b774c8739f51f5e9f4cf0eb1a7d85269e2c092c183b494faf1ea4f9a0bc97fb5f0e080c684ac74b3f84a1b37f2d37eaf9"/>
    </Policies>
    <ProxyEndpoints/>
    <Resources>
        <VersionInfo resourceName="jsc://API-Security-callout.js" version="SHA-512:1bf919fec6fcd4e4f99f1b35a58b895da3c417a7e0c3a24b3144a86857b183b79efb6a1e15913798347cc4a444e60679c9eabe3d4de54fe47e78e09a631bc743"/>
    </Resources>
    <SharedFlows>
        <VersionInfo resourceName="default" version="SHA-512:9a6fcf11c719d6e4db3993b9c000ecf0befbb86c42b5819766672350055be1c1c3f44b15c3249d5d4921024062ef48338fbe767ca9ab93076cc2511a109222da"/>
    </SharedFlows>
    <TargetEndpoints/>
</Manifest>
